email,nome,cognome,time,sesso,et√†,genere_preferito,periodo_visione,hobby,cosa_fare,preferenza_visione,media_film,media_puntate
rnunnerley0@geocities.jp,Raynor,Nunnerley,2020/12/03 9:41:42 AM CET,1,16 - 18,Horror,Sera,13,Mi concentro sulla trama,In Compagnia,2.0,10.0
jludron1@gravatar.com,Jaynell,Ludron,2020/12/03 9:42:04 AM CET,1,26 - 35,Commedia,Pomeriggio,3,Mi concentro sulla trama,In Compagnia,3.0,9.0
bbritch2@bbc.co.uk,Bat,Britch,2020/12/03 9:42:15 AM CET,0,16 - 18,Avventura,Sera,6,Mangio,Da solo,3.0,1.0
dhounsom3@zimbio.com,Dyanna,Hounsom,2020/12/03 9:42:51 AM CET,1,16 - 18,Commedia,Pomeriggio,6,Mangio,In Compagnia,2.0,5.0
alethlay4@stumbleupon.com,Avril,Lethlay,2020/12/03 9:42:54 AM CET,1,16 - 18,Horror,Sera,13,Mi concentro sulla trama,In Compagnia,2.0,10.0
trudolf5@microsoft.com,Tasia,Rudolf,2020/12/03 9:43:46 AM CET,0,19 - 25,Commedia,Sera,12,Mi concentro sulla trama,In Compagnia,2.0,1.0
hdecort6@princeton.edu,Hatti,Decort,2020/12/03 9:43:52 AM CET,1,16 - 18,Avventura,Sera,10,Mi concentro sulla trama,In Compagnia,2.0,5.0
ckonertz7@admin.ch,Clare,Konertz,2020/12/03 9:44:05 AM CET,1,16 - 18,Anime,Pomeriggio,11,Mi concentro sulla trama,In Compagnia,4.0,10.0
ebotte8@gravatar.com,Eleni,Botte,2020/12/03 9:44:26 AM CET,1,16 - 18,Romantico,Pomeriggio,8,Mi concentro sulla trama,In Compagnia,5.0,6.0
nboddis9@photobucket.com,Nonie,Boddis,2020/12/03 9:45:59 AM CET,0,16 - 18,Drammatici,Sera,12,Mi concentro sulla trama,In Compagnia,3.0,8.0
btuminia@fema.gov,Berrie,Tumini,2020/12/03 9:50:12 AM CET,0,16 - 18,Avventura,Sera,6,Mangio,Da solo,3.0,1.0
dmeriottb@unesco.org,Dominik,Meriott,2020/12/03 9:51:34 AM CET,0,19 - 25,Animazione,Sera,14,Mi concentro sulla trama,Da solo,2.0,3.0
msnowdonc@eepurl.com,Martin,Snowdon,2020/12/03 9:53:11 AM CET,0,19 - 25,Thriller,Sera,10,Mi concentro sulla trama,Da solo,1.0,5.0
ttweddled@wsj.com,Trstram,Tweddle,2020/12/03 9:53:12 AM CET,1,16 - 18,Anime,Sera,0,Mi concentro sulla trama,In Compagnia,3.0,5.0
csainze@clickbank.net,Cobby,Sainz,2020/12/03 9:54:17 AM CET,1,19 - 25,Romantico,Sera,11,Mi concentro sulla trama,In Compagnia,3.0,8.0
shardwickf@google.it,Shaun,Hardwick,2020/12/03 9:55:06 AM CET,0,19 - 25,Anime,Sera,14,Uso il cellulare,In Compagnia,0.0,9.0
egrestyg@fema.gov,Estel,Gresty,2020/12/03 10:01:15 AM CET,0,19 - 25,Azione,Sera,12,Mi concentro sulla trama,Da solo,1.0,5.0
kalcideh@amazon.de,Kally,Alcide,2020/12/03 10:03:28 AM CET,0,19 - 25,Anime,Notte,10,Mangio,In Compagnia,2.0,4.0
agoldbergi@xinhuanet.com,Andrey,Goldberg,2020/12/03 10:04:35 AM CET,1,36 - 50,Musical,Sera,0,Mi concentro sulla trama,In Compagnia,3.0,1.0
gisaacsonj@dailymotion.com,Giulio,Isaacson,2020/12/03 10:06:44 AM CET,1,19 - 25,Romantico,Sera,4,Mi concentro sulla trama,In Compagnia,5.0,4.0
gguilbertk@vimeo.com,Grantley,Guilbert,2020/12/03 10:07:43 AM CET,0,19 - 25,Avventura,Notte,10,Mi concentro sulla trama,In Compagnia,3.0,4.0
bfauxl@hhs.gov,Brandi,Faux,2020/12/03 10:08:11 AM CET,0,19 - 25,Animazione,Sera,13,Mi concentro sulla trama,In Compagnia,0.0,3.0
mnewbandm@cafepress.com,Michel,Newband,2020/12/03 10:10:31 AM CET,1,19 - 25,Animazione,Sera,10,Mi concentro sulla trama,In Compagnia,1.0,5.0
phydesn@w3.org,Pat,Hydes,2020/12/03 10:11:51 AM CET,1,26 - 35,Thriller,Sera,14,Mi concentro sulla trama,In Compagnia,2.0,2.0
lpiepero@bravesites.com,Lek,Pieper,2020/12/03 10:12:35 AM CET,1,19 - 25,Avventura,Sera,11,Mi concentro sulla trama,In Compagnia,3.0,4.0
randrichakp@prlog.org,Rosabelle,Andrichak,2020/12/03 10:12:41 AM CET,1,19 - 25,Musical,Sera,14,Mi concentro sulla trama,In Compagnia,4.0,7.0
borchardq@nationalgeographic.com,Beth,Orchard,2020/12/03 10:17:24 AM CET,1,19 - 25,Fantasy,Sera,11,Mangio,Da solo,2.0,10.0
aguilaynr@de.vu,Adelice,Guilayn,2020/12/03 10:17:34 AM CET,0,19 - 25,Avventura,Sera,13,Mi concentro sulla trama,Da solo,2.0,2.0
jwaites@reddit.com,Jody,Waite,2020/12/03 10:18:12 AM CET,1,36 - 50,Azione,Sera,4,Mi concentro sulla trama,In Compagnia,7.0,10.0
awinsomet@wired.com,Alleyn,Winsome,2020/12/03 10:18:34 AM CET,1,19 - 25,Giallo,Notte,11,Mi concentro sulla trama,In Compagnia,3.0,2.0
cphythienu@utexas.edu,Clareta,Phythien,2020/12/03 10:19:13 AM CET,0,19 - 25,Avventura,Sera,8,Mi interesso alla fotografia,Da solo,3.0,2.0
lrosetv@ftc.gov,Livvie,Roset,2020/12/03 10:21:05 AM CET,0,19 - 25,Horror,Notte,10,Mi concentro sulla trama,In Compagnia,2.0,1.0
kgrimleyw@unblog.fr,Kennan,Grimley,2020/12/03 10:22:16 AM CET,1,19 - 25,Romantico,Sera,14,Mi concentro sulla trama,In Compagnia,3.0,7.0
bmiddletonx@photobucket.com,Bard,Middleton,2020/12/03 10:22:55 AM CET,2,10 - 15,Romantico,Pomeriggio,0,Uso il cellulare,In Compagnia,7.0,2.0
qrunciemany@bandcamp.com,Quinton,Runcieman,2020/12/03 10:23:27 AM CET,1,19 - 25,Fantasy,Pomeriggio,14,Mi concentro sulla trama,In Compagnia,10.0,8.0
wridpathz@utexas.edu,Wallace,Ridpath,2020/12/03 10:23:48 AM CET,1,19 - 25,Drammatici,Sera,13,Mi concentro sulla trama,In Compagnia,1.0,0.0
rstaziker10@yale.edu,Raff,Staziker,2020/12/03 10:27:05 AM CET,0,10 - 15,Azione,Sera,12,Mi concentro sulla trama,In Compagnia,9.0,9.0
pgroundwater11@geocities.com,Pansy,Groundwater,2020/12/03 10:27:29 AM CET,1,10 - 15,Commedia,Sera,11,Mi concentro sulla trama,In Compagnia,2.0,5.0
lbuttrey12@people.com.cn,Letty,Buttrey,2020/12/03 10:27:49 AM CET,0,10 - 15,Azione,Sera,6,Mangio,In Compagnia,3.0,8.0
bhulle13@ovh.net,Bryan,Hulle,2020/12/03 10:28:54 AM CET,1,19 - 25,Commedia,Sera,14,Mi concentro sulla trama,In Compagnia,3.0,3.0
hcromar14@who.int,Hastings,Cromar,2020/12/03 10:29:42 AM CET,1,19 - 25,Romantico,Sera,1,Mi concentro sulla trama,In Compagnia,3.0,6.0
dkershow15@livejournal.com,Douglas,Kershow,2020/12/03 10:31:33 AM CET,0,10 - 15,Horror,Sera,12,Mangio,In Compagnia,3.0,1.0
mmeert16@sciencedirect.com,Mari,Meert,2020/12/03 10:32:09 AM CET,1,10 - 15,Avventura,Pomeriggio,10,Uso il cellulare,Da solo,0.0,0.0
aluc17@businessweek.com,Ainslie,Luc,2020/12/03 10:32:26 AM CET,1,26 - 35,Commedia,Pomeriggio,0,Mi concentro sulla trama,In Compagnia,5.0,8.0
ttapin18@github.com,Taddeusz,Tapin,2020/12/03 10:33:32 AM CET,1,19 - 25,Romantico,Pomeriggio,4,Uso il cellulare,In Compagnia,2.0,1.0
maylett19@addtoany.com,Malynda,Aylett,2020/12/03 10:33:39 AM CET,1,19 - 25,Romantico,Pomeriggio,4,Uso il cellulare,In Compagnia,2.0,1.0
lcrutchley1a@stumbleupon.com,Laina,Crutchley,2020/12/03 10:34:58 AM CET,1,10 - 15,Azione,Pomeriggio,2,Mi concentro sulla trama,In Compagnia,1.0,7.0
tfearnside1b@parallels.com,Terrence,Fearnside,2020/12/03 10:37:13 AM CET,1,19 - 25,Thriller,Sera,8,Mi concentro sulla trama,In Compagnia,6.0,6.0
btzuker1c@msn.com,Barn,Tzuker,2020/12/03 10:38:21 AM CET,0,10 - 15,Animazione,Sera,12,Mangio,In Compagnia,3.0,10.0
gburkin1d@auda.org.au,Gustav,Burkin,2020/12/03 10:39:08 AM CET,2,10 - 15,Horror,Sera,0,Mangio,In Compagnia,6.0,4.0
oquadrio1e@huffingtonpost.com,Orbadiah,Quadrio,2020/12/03 10:39:38 AM CET,1,50+,Documentario,Sera,9,Mi concentro sulla trama,Da solo,4.0,2.0
tbraidman1f@theatlantic.com,Tine,Braidman,2020/12/03 10:40:24 AM CET,0,36 - 50,Commedia,Sera,12,Uso il cellulare,Da solo,1.0,7.0
rhedingham1g@tuttocitta.it,Rowney,Hedingham,2020/12/03 10:40:48 AM CET,0,19 - 25,Anime,Sera,12,Mi concentro sulla trama,In Compagnia,3.0,2.0
wshemilt1h@yolasite.com,Willette,Shemilt,2020/12/03 10:41:55 AM CET,0,10 - 15,Azione,Sera,9,Mangio,In Compagnia,10.0,10.0
pdews1i@youku.com,Paolina,Dews,2020/12/03 10:42:36 AM CET,0,26 - 35,Animazione,Notte,12,Mi concentro sulla trama,Da solo,5.0,4.0
dflaxman1j@pbs.org,Duky,Flaxman,2020/12/03 10:42:47 AM CET,2,10 - 15,Avventura,Sera,0,Mi concentro sulla trama,In Compagnia,5.0,0.0
akillgus1k@people.com.cn,Andy,Killgus,2020/12/03 10:44:16 AM CET,0,19 - 25,Azione,Sera,10,Mi interesso alla fotografia,In Compagnia,1.0,3.0
fsarch1l@lulu.com,Fionna,Sarch,2020/12/03 10:45:30 AM CET,0,50+,Fantascienza,Notte,14,Mi concentro sulla trama,In Compagnia,6.0,6.0
bhovy1m@squidoo.com,Brinn,Hovy,2020/12/03 10:45:46 AM CET,0,10 - 15,Avventura,Sera,10,Mangio,In Compagnia,5.0,5.0
ibratcher1n@tripadvisor.com,Ichabod,Bratcher,2020/12/03 10:48:23 AM CET,0,10 - 15,Avventura,Pomeriggio,10,Mangio,In Compagnia,1.0,3.0
ccorfield1o@multiply.com,Coletta,Corfield,2020/12/03 10:48:29 AM CET,1,16 - 18,Fantascienza,Sera,14,Mi concentro sulla trama,Da solo,1.0,5.0
smallinson1p@cam.ac.uk,Sara,Mallinson,2020/12/03 10:48:36 AM CET,0,10 - 15,Horror,Notte,4,Mangio,In Compagnia,6.0,10.0
mhundal1q@latimes.com,Megan,Hundal,2020/12/03 10:48:39 AM CET,1,16 - 18,Fantascienza,Sera,14,Mi concentro sulla trama,Da solo,1.0,5.0
dglynne1r@multiply.com,Donaugh,Glynne,2020/12/03 10:49:24 AM CET,1,10 - 15,Romantico,Sera,11,Mangio,In Compagnia,7.0,10.0
ccarrack1s@auda.org.au,Cori,Carrack,2020/12/03 10:51:32 AM CET,0,16 - 18,Azione,Sera,12,Mi concentro sulla trama,Da solo,6.0,4.0
vraycroft1t@census.gov,Valma,Raycroft,2020/12/03 10:51:43 AM CET,1,10 - 15,Fantasy,Pomeriggio,2,Mi concentro sulla trama,Da solo,10.0,10.0
fivanchin1u@harvard.edu,Fifine,Ivanchin,2020/12/03 10:52:54 AM CET,1,10 - 15,Drammatici,Sera,14,Mangio,Da solo,3.0,7.0
khalls1v@goo.gl,Korrie,Halls,2020/12/03 10:53:02 AM CET,2,10 - 15,Azione,Notte,10,Mangio,In Compagnia,4.0,10.0
kmcshane1w@engadget.com,Katherine,McShane,2020/12/03 10:53:12 AM CET,1,36 - 50,Romantico,Sera,4,Mi concentro sulla trama,In Compagnia,3.0,0.0
gstarford1x@exblog.jp,Gusta,Starford,2020/12/03 10:53:22 AM CET,0,16 - 18,Azione,Sera,10,Mi concentro sulla trama,Da solo,2.0,5.0
dhukins1y@artisteer.com,Durand,Hukins,2020/12/03 10:53:25 AM CET,0,16 - 18,Commedia,Sera,12,Mi concentro sulla trama,In Compagnia,1.0,1.0
sshaxby1z@globo.com,Susette,Shaxby,2020/12/03 10:53:36 AM CET,0,16 - 18,Fantasy,Pomeriggio,4,Mi concentro sulla trama,Da solo,3.0,4.0
brudsdell20@wufoo.com,Billy,Rudsdell,2020/12/03 10:53:43 AM CET,2,19 - 25,Anime,Sera,10,Mi concentro sulla trama,Da solo,1.0,10.0
mfairbridge21@posterous.com,Meryl,Fairbridge,2020/12/03 10:54:00 AM CET,1,16 - 18,Azione,Pomeriggio,8,Mi concentro sulla trama,In Compagnia,3.0,2.0
gdenyukhin22@earthlink.net,Giffer,Denyukhin,2020/12/03 10:54:21 AM CET,0,16 - 18,Anime,Notte,10,Mi concentro sulla trama,Da solo,1.0,8.0
dbrood23@ycombinator.com,Damita,Brood,2020/12/03 10:54:24 AM CET,0,16 - 18,Commedia,Sera,10,Mi concentro sulla trama,In Compagnia,3.0,3.0
bmarcroft24@miibeian.gov.cn,Berti,Marcroft,2020/12/03 10:54:30 AM CET,1,10 - 15,Fantascienza,Notte,0,Mi concentro sulla trama,Da solo,4.0,10.0
jbeneze25@chron.com,Jacinta,Beneze,2020/12/03 10:54:36 AM CET,1,16 - 18,Drammatici,Sera,4,Mi concentro sulla trama,In Compagnia,3.0,5.0
mzavattari26@sitemeter.com,Mandy,Zavattari,2020/12/03 10:55:03 AM CET,1,16 - 18,Avventura,Sera,14,Mangio,In Compagnia,5.0,2.0
rciottoi27@shareasale.com,Risa,Ciottoi,2020/12/03 10:55:47 AM CET,0,16 - 18,Commedia,Sera,10,Mi concentro sulla trama,Da solo,6.0,5.0
rmarr28@sfgate.com,Rand,Marr,2020/12/03 10:56:00 AM CET,1,16 - 18,Fantasy,Sera,2,Mi concentro sulla trama,In Compagnia,5.0,6.0
lmatanin29@wunderground.com,Lexi,Matanin,2020/12/03 10:56:12 AM CET,0,19 - 25,Azione,Sera,13,Mangio,In Compagnia,8.0,8.0
avoysey2a@infoseek.co.jp,Abagail,Voysey,2020/12/03 10:56:24 AM CET,0,19 - 25,Horror,Notte,11,Mi concentro sulla trama,Da solo,2.0,8.0
bpappin2b@tumblr.com,Benedick,Pappin,2020/12/03 10:56:42 AM CET,1,10 - 15,Avventura,Sera,12,Mangio,Da solo,5.0,3.0
kstuttard2c@t-online.de,Kiah,Stuttard,2020/12/03 10:57:16 AM CET,2,10 - 15,Avventura,Sera,12,Mi concentro sulla trama,In Compagnia,5.0,7.0
kcostellow2d@gizmodo.com,Kristoforo,Costellow,2020/12/03 10:57:36 AM CET,1,10 - 15,Avventura,Sera,12,Mangio,Da solo,5.0,3.0
lkitchenham2e@marketwatch.com,Luciano,Kitchenham,2020/12/03 10:58:09 AM CET,0,16 - 18,Horror,Pomeriggio,12,Uso il cellulare,In Compagnia,3.0,8.0
tstigger2f@examiner.com,Timmy,Stigger,2020/12/03 10:58:25 AM CET,0,16 - 18,Anime,Sera,10,Mi concentro sulla trama,In Compagnia,3.0,10.0
rsimonds2g@amazonaws.com,Riccardo,Simonds,2020/12/03 10:58:40 AM CET,1,26 - 35,Romantico,Sera,4,Mi concentro sulla trama,In Compagnia,3.0,2.0
fgaynesford2h@hibu.com,Friederike,Gaynesford,2020/12/03 10:58:45 AM CET,1,10 - 15,Romantico,Notte,12,Mi concentro sulla trama,In Compagnia,2.0,1.0
hfaraker2i@economist.com,Hodge,Faraker,2020/12/03 10:59:12 AM CET,0,10 - 15,Poliziesco,Notte,12,Uso il cellulare,In Compagnia,4.0,3.0
dbarrat2j@unblog.fr,Donica,Barrat,2020/12/03 11:00:10 AM CET,1,10 - 15,Fantascienza,Mattina,0,Mi concentro sulla trama,Da solo,2.0,2.0
dbenaharon2k@topsy.com,Denni,Ben-Aharon,2020/12/03 11:00:24 AM CET,1,10 - 15,Horror,Pomeriggio,0,Uso il cellulare,In Compagnia,3.0,3.0
bphinn2l@over-blog.com,Blinny,Phinn,2020/12/03 11:00:57 AM CET,1,19 - 25,Romantico,Sera,14,Mi concentro sulla trama,Da solo,1.0,10.0
dblankhorn2m@usa.gov,Dixie,Blankhorn,2020/12/03 11:01:02 AM CET,0,16 - 18,Sportivo,Notte,8,Mi concentro sulla trama,Da solo,2.0,2.0
ksainer2n@cocolog-nifty.com,Katie,Sainer,2020/12/03 11:01:04 AM CET,0,10 - 15,Sportivo,Sera,12,Mangio,In Compagnia,6.0,3.0
gbetjeman2o@paginegialle.it,Gilberte,Betjeman,2020/12/03 11:01:58 AM CET,1,36 - 50,Commedia,Sera,14,Mi concentro sulla trama,In Compagnia,3.0,3.0
kbradnocke2p@taobao.com,Karyn,Bradnocke,2020/12/03 11:02:58 AM CET,1,16 - 18,Avventura,Pomeriggio,6,Mangio,Da solo,2.0,3.0
ffarnon2q@webs.com,Faina,Farnon,2020/12/03 11:03:24 AM CET,1,19 - 25,Romantico,Sera,14,Mangio,In Compagnia,4.0,5.0
gcicci2r@comsenz.com,Grover,Cicci,2020/12/03 11:03:30 AM CET,0,16 - 18,Fantascienza,Sera,10,Mi interesso alla regia,Da solo,1.0,3.0
mollerhad2s@weibo.com,Magdalena,Ollerhad,2020/12/03 11:04:05 AM CET,1,36 - 50,Commedia,Sera,11,Mi concentro sulla trama,In Compagnia,3.0,0.0
afitzmaurice2t@hibu.com,Abigael,Fitzmaurice,2020/12/03 11:05:32 AM CET,0,16 - 18,Horror,Pomeriggio,12,Mangio,Da solo,8.0,10.0
kchatburn2u@japanpost.jp,Kenneth,Chatburn,2020/12/03 11:05:39 AM CET,1,26 - 35,Horror,Sera,10,Uso il cellulare,Da solo,3.0,7.0
nkestian2v@bluehost.com,Noreen,Kestian,2020/12/03 11:09:24 AM CET,1,16 - 18,Romantico,Sera,14,Mi concentro sulla trama,Da solo,1.0,2.0
cbatchellor2w@livejournal.com,Clem,Batchellor,2020/12/03 11:12:07 AM CET,1,16 - 18,Romantico,Pomeriggio,12,Mangio,Da solo,3.0,10.0
rfaltskog2x@hud.gov,Roda,Faltskog,2020/12/03 11:15:17 AM CET,1,16 - 18,Romantico,Sera,14,Mi concentro sulla trama,Da solo,0.0,0.0
oberisford2y@sakura.ne.jp,Orelee,Berisford,2020/12/03 11:19:30 AM CET,0,10 - 15,Horror,Sera,10,Mi concentro sulla trama,Da solo,6.0,4.0
fjouning2z@yellowpages.com,Farlie,Jouning,2020/12/03 11:21:17 AM CET,0,50+,Documentario,Sera,12,Mi concentro sulla trama,In Compagnia,3.0,0.0
gkernoghan30@163.com,Giorgia,Kernoghan,2020/12/03 11:24:49 AM CET,0,10 - 15,Azione,Sera,13,Mangio,In Compagnia,7.0,5.0
rivanaev31@fema.gov,Romonda,Ivanaev,2020/12/03 11:26:23 AM CET,1,10 - 15,Fantasy,Sera,14,Mangio,In Compagnia,2.0,1.0
dverdie32@discovery.com,Dorette,Verdie,2020/12/03 11:28:10 AM CET,1,10 - 15,Fantascienza,Sera,0,Mi concentro sulla trama,In Compagnia,10.0,5.0
rthredder33@issuu.com,Rodolphe,Thredder,2020/12/03 11:30:14 AM CET,1,50+,Poliziesco,Sera,11,Mangio,In Compagnia,2.0,0.0
jabel34@so-net.ne.jp,Jonis,Abel,2020/12/03 11:38:19 AM CET,1,36 - 50,Commedia,Sera,4,Mi interesso alla fotografia,In Compagnia,6.0,2.0
mmeredyth35@oakley.com,Miranda,Meredyth,2020/12/03 11:38:40 AM CET,1,16 - 18,Horror,Sera,14,Mangio,In Compagnia,4.0,6.0
aphoebe36@webs.com,Allister,Phoebe,2020/12/03 11:41:43 AM CET,0,10 - 15,Avventura,Sera,13,Uso il cellulare,In Compagnia,1.0,7.0
msheddan37@oracle.com,Masha,Sheddan,2020/12/03 11:41:48 AM CET,1,16 - 18,Fantascienza,Sera,14,Mi concentro sulla trama,Da solo,1.0,5.0
gstobbart38@kickstarter.com,Garek,Stobbart,2020/12/03 11:44:18 AM CET,0,36 - 50,Azione,Sera,3,Mi concentro sulla trama,In Compagnia,4.0,5.0
awilcocks39@networksolutions.com,Andria,Wilcocks,2020/12/03 11:49:33 AM CET,1,10 - 15,Horror,Pomeriggio,12,Mi concentro sulla trama,In Compagnia,5.0,10.0
cmcmeekin3a@wired.com,Cristal,Mc Meekin,2020/12/03 11:52:21 AM CET,1,10 - 15,Commedia,Sera,0,Mangio,Da solo,1.0,8.0
mtandy3b@ocn.ne.jp,Malanie,Tandy,2020/12/03 11:55:45 AM CET,1,19 - 25,Romantico,Sera,11,Mi concentro sulla trama,In Compagnia,2.0,4.0
nbartlomieczak3c@msn.com,Nadya,Bartlomieczak,2020/12/03 11:58:48 AM CET,1,10 - 15,Giallo,Pomeriggio,11,Mi concentro sulla trama,Da solo,1.0,6.0
mivanchov3d@who.int,Margeaux,Ivanchov,2020/12/03 12:01:17 PM CET,0,50+,Azione,Sera,9,Mi concentro sulla trama,Da solo,5.0,7.0
nmontrose3e@joomla.org,Nial,Montrose,2020/12/03 12:02:07 PM CET,1,50+,Thriller,Sera,5,Mi concentro sulla trama,Da solo,7.0,7.0
hgulleford3f@home.pl,Hort,Gulleford,2020/12/03 12:03:21 PM CET,1,16 - 18,Poliziesco,Sera,12,Mi concentro sulla trama,Da solo,3.0,4.0
dvigers3g@archive.org,Dael,Vigers,2020/12/03 12:05:57 PM CET,2,10 - 15,Avventura,Sera,12,Mi concentro sulla trama,In Compagnia,5.0,7.0
aokennedy3h@opera.com,Alexis,O'Kennedy,2020/12/03 12:07:27 PM CET,1,50+,Fantasy,Sera,0,Mi concentro sulla trama,Da solo,7.0,1.0
jrowsel3i@youtu.be,Joscelin,Rowsel,2020/12/03 12:11:52 PM CET,1,36 - 50,Poliziesco,Sera,14,Mi concentro sulla trama,Da solo,6.0,1.0
eriddall3j@unicef.org,Elsworth,Riddall,2020/12/03 12:13:04 PM CET,0,50+,Commedia,Sera,14,Mi concentro sulla trama,In Compagnia,9.0,7.0
ksilman3k@slideshare.net,Karalynn,Silman,2020/12/03 12:15:21 PM CET,0,50+,Giallo,Sera,9,Mi concentro sulla trama,In Compagnia,3.0,1.0
ehuws3l@over-blog.com,Ely,Huws,2020/12/03 12:15:43 PM CET,1,50+,Giallo,Sera,4,Mi concentro sulla trama,Da solo,4.0,3.0
rhallgate3m@elegantthemes.com,Ruby,Hallgate,2020/12/03 12:17:14 PM CET,1,50+,Commedia,Sera,14,Mangio,Da solo,5.0,2.0
jlofthouse3n@51.la,Jojo,Lofthouse,2020/12/03 12:17:56 PM CET,0,16 - 18,Thriller,Sera,2,Mi interesso alla fotografia,In Compagnia,4.0,8.0
jbramwich3o@nba.com,Jolynn,Bramwich,2020/12/03 12:19:27 PM CET,1,16 - 18,Drammatici,Sera,11,Mi interesso alla fotografia,Da solo,1.0,3.0
csanger3p@ftc.gov,Chere,Sanger,2020/12/03 12:21:52 PM CET,0,50+,Thriller,Sera,11,Mi concentro sulla trama,Da solo,4.0,0.0
sthow3q@infoseek.co.jp,Sanderson,Thow,2020/12/03 12:25:10 PM CET,0,16 - 18,Avventura,Sera,6,Mangio,Da solo,3.0,1.0
cshervil3r@creativecommons.org,Caressa,Shervil,2020/12/03 12:26:16 PM CET,1,19 - 25,Fantasy,Sera,11,Mangio,Da solo,2.0,10.0
beliff3s@desdev.cn,Brod,Eliff,2020/12/03 12:26:44 PM CET,0,50+,Thriller,Sera,11,Mi concentro sulla trama,Da solo,4.0,3.0
hgoldup3t@free.fr,Hillel,Goldup,2020/12/03 12:28:06 PM CET,0,50+,Azione,Sera,4,Mi concentro sulla trama,In Compagnia,3.0,1.0
cmcgaw3u@alibaba.com,Cornall,McGaw,2020/12/03 12:39:15 PM CET,1,36 - 50,Commedia,Pomeriggio,11,Mi concentro sulla trama,In Compagnia,6.0,6.0
ebarends3v@gmpg.org,Ettore,Barends,2020/12/03 12:46:08 PM CET,0,10 - 15,Azione,Notte,12,Mangio,In Compagnia,5.0,8.0
asparkes3w@desdev.cn,Al,Sparkes,2020/12/03 12:46:44 PM CET,1,36 - 50,Giallo,Sera,11,Mi concentro sulla trama,In Compagnia,3.0,4.0
sbrimblecomb3x@cornell.edu,Salome,Brimblecomb,2020/12/03 12:46:45 PM CET,1,19 - 25,Romantico,Sera,14,Mi concentro sulla trama,Da solo,5.0,1.0
araspison3y@google.pl,Amye,Raspison,2020/12/03 12:46:56 PM CET,0,26 - 35,Horror,Sera,10,Mangio,In Compagnia,7.0,7.0
gwycliffe3z@cnbc.com,Giffer,Wycliffe,2020/12/03 12:47:59 PM CET,2,0 - 9,Erotico,Mattina,7,Mi interesso alla fotografia,Da solo,7.0,2.0
dpoate40@amazon.co.uk,Dyann,Poate,2020/12/03 12:51:07 PM CET,1,19 - 25,Giallo,Pomeriggio,4,Uso il cellulare,In Compagnia,2.0,3.0
cweale41@nbcnews.com,Carly,Weale,2020/12/03 12:53:27 PM CET,1,36 - 50,Drammatici,Sera,4,Mi concentro sulla trama,Da solo,6.0,4.0
sosheeryne42@mozilla.org,Saxon,O'Sheeryne,2020/12/03 12:53:54 PM CET,0,19 - 25,Azione,Sera,10,Mi concentro sulla trama,In Compagnia,1.0,5.0
vpatesel43@xinhuanet.com,Vilma,Patesel,2020/12/03 12:54:23 PM CET,1,36 - 50,Drammatici,Sera,4,Mi concentro sulla trama,Da solo,5.0,3.0
mmagill44@guardian.co.uk,Marybeth,Magill,2020/12/03 12:55:37 PM CET,0,50+,Commedia,Sera,14,Mi concentro sulla trama,In Compagnia,3.0,1.0
mtroughton45@homestead.com,Miner,Troughton,2020/12/03 1:05:38 PM CET,1,16 - 18,Drammatici,Sera,11,Mi concentro sulla trama,In Compagnia,5.0,1.0
taronowicz46@blinklist.com,Tiffany,Aronowicz,2020/12/03 1:08:12 PM CET,0,19 - 25,Azione,Sera,4,Mi concentro sulla trama,In Compagnia,3.0,4.0
hpamment47@barnesandnoble.com,Hakeem,Pamment,2020/12/03 1:10:12 PM CET,1,50+,Romantico,Pomeriggio,9,Mi concentro sulla trama,Da solo,1.0,5.0
hmcguggy48@msn.com,Hersch,McGuggy,2020/12/03 1:12:44 PM CET,0,50+,Biografico,Sera,11,Mi concentro sulla trama,Da solo,3.0,3.0
gguslon49@opera.com,Gilberta,Guslon,2020/12/03 1:16:31 PM CET,0,16 - 18,Anime,Sera,10,Mi concentro sulla trama,Da solo,3.0,3.0
achilcotte4a@xrea.com,Archibaldo,Chilcotte,2020/12/03 1:18:09 PM CET,0,50+,Biografico,Sera,14,Mi interesso alla fotografia,Da solo,3.0,3.0
ymaddra4b@elpais.com,York,Maddra,2020/12/03 1:19:32 PM CET,1,36 - 50,Commedia,Sera,1,Mi concentro sulla trama,In Compagnia,7.0,5.0
hcowap4c@ted.com,Helene,Cowap,2020/12/03 1:23:24 PM CET,1,16 - 18,Animazione,Sera,6,Mangio,In Compagnia,2.0,8.0
agrimsey4d@friendfeed.com,Alexandro,Grimsey,2020/12/03 1:27:48 PM CET,1,16 - 18,Animazione,Sera,11,Mi interesso alla regia,Da solo,0.0,2.0
eantonacci4e@angelfire.com,Erskine,Antonacci,2020/12/03 1:33:53 PM CET,1,36 - 50,Commedia,Sera,4,Mi concentro sulla trama,In Compagnia,2.0,6.0
lduggen4f@amazon.de,Liz,Duggen,2020/12/03 1:36:36 PM CET,1,50+,Giallo,Sera,11,Mi concentro sulla trama,In Compagnia,5.0,7.0
vspincks4g@fema.gov,Veronika,Spincks,2020/12/03 1:38:08 PM CET,1,26 - 35,Biografico,Sera,4,Mi concentro sulla trama,In Compagnia,6.0,2.0
tcollyear4h@state.tx.us,Thorstein,Collyear,2020/12/03 1:38:15 PM CET,0,50+,Western,Sera,12,Mi concentro sulla trama,In Compagnia,3.0,6.0
bborrel4i@baidu.com,Belle,Borrel,2020/12/03 1:38:22 PM CET,1,26 - 35,Biografico,Sera,4,Mi concentro sulla trama,In Compagnia,6.0,2.0
gbaack4j@over-blog.com,Gilli,Baack,2020/12/03 1:41:03 PM CET,0,50+,Azione,Notte,11,Mi concentro sulla trama,Da solo,2.0,1.0
jpattesall4k@buzzfeed.com,Jere,Pattesall,2020/12/03 1:41:40 PM CET,1,50+,Commedia,Sera,14,Mangio,In Compagnia,3.0,1.0
msheach4l@cornell.edu,Meridel,Sheach,2020/12/03 1:42:20 PM CET,1,10 - 15,Thriller,Sera,12,Mi concentro sulla trama,Da solo,2.0,1.0
jholleran4m@netvibes.com,Jaclin,Holleran,2020/12/03 1:48:13 PM CET,0,16 - 18,Fantascienza,Sera,10,Mi interesso alla regia,Da solo,1.0,3.0
emaneylaws4n@auda.org.au,Ettie,Maneylaws,2020/12/03 1:50:09 PM CET,0,16 - 18,Azione,Sera,10,Mi concentro sulla trama,Da solo,2.0,5.0
bfranceschielli4o@java.com,Berk,Franceschielli,2020/12/03 1:53:26 PM CET,0,36 - 50,Azione,Sera,14,Mi concentro sulla trama,Da solo,4.0,2.0
wkeningley4p@cloudflare.com,Westleigh,Keningley,2020/12/03 1:54:13 PM CET,0,16 - 18,Poliziesco,Notte,12,Uso il cellulare,Da solo,3.0,5.0
joilier4q@about.com,Jo-anne,OIlier,2020/12/03 1:55:22 PM CET,0,19 - 25,Commedia,Sera,10,Mangio,In Compagnia,3.0,4.0
lwattam4r@baidu.com,Laurene,Wattam,2020/12/03 2:05:42 PM CET,0,10 - 15,Horror,Sera,12,Mangio,In Compagnia,3.0,1.0
rhembrow4s@yellowpages.com,Rodge,Hembrow,2020/12/03 2:10:44 PM CET,1,16 - 18,Romantico,Sera,14,Mi concentro sulla trama,Da solo,1.0,2.0
vgallone4t@flavors.me,Violante,Gallone,2020/12/03 2:11:05 PM CET,0,36 - 50,Azione,Sera,12,Mi concentro sulla trama,In Compagnia,3.0,3.0
slinacre4u@cloudflare.com,Sheila,Linacre,2020/12/03 2:13:17 PM CET,0,36 - 50,Animazione,Notte,12,Mangio,In Compagnia,3.0,0.0
rwoakes4v@php.net,Rex,Woakes,2020/12/03 2:15:13 PM CET,1,10 - 15,Avventura,Sera,2,Uso il cellulare,Da solo,4.0,2.0
adrayn4w@ebay.co.uk,Artemas,Drayn,2020/12/03 2:15:19 PM CET,0,16 - 18,Fantascienza,Sera,2,Mangio,Da solo,3.0,0.0
odominy4x@sfgate.com,Orlando,Dominy,2020/12/03 2:21:10 PM CET,1,36 - 50,Commedia,Sera,4,Mi concentro sulla trama,In Compagnia,2.0,0.0
dderoos4y@infoseek.co.jp,Daveta,De Roos,2020/12/03 2:28:22 PM CET,1,36 - 50,Poliziesco,Sera,11,Mi concentro sulla trama,Da solo,5.0,5.0
rlamas4z@cisco.com,Roseann,Lamas,2020/12/03 2:32:40 PM CET,1,19 - 25,Thriller,Sera,12,Mi concentro sulla trama,Da solo,2.0,5.0
ndrewitt50@go.com,Nevile,Drewitt,2020/12/03 2:42:24 PM CET,1,36 - 50,Giallo,Sera,1,Mi concentro sulla trama,Da solo,3.0,3.0
ajessel51@bbc.co.uk,Aindrea,Jessel,2020/12/03 2:55:24 PM CET,0,10 - 15,Avventura,Sera,10,Mangio,In Compagnia,5.0,5.0
mmcgall52@goo.gl,Muhammad,McGall,2020/12/03 3:02:19 PM CET,1,36 - 50,Romantico,Sera,4,Mi concentro sulla trama,Da solo,4.0,2.0
wbyrth53@uol.com.br,Wandie,Byrth,2020/12/03 3:22:55 PM CET,0,19 - 25,Documentario,Notte,1,Mi interesso alla fotografia,In Compagnia,0.0,1.0
myarn54@noaa.gov,Marabel,Yarn,2020/12/03 3:47:52 PM CET,1,36 - 50,Romantico,Sera,1,Mi concentro sulla trama,Da solo,2.0,1.0
bcayet55@goo.gl,Blanca,Cayet,2020/12/03 3:49:06 PM CET,1,36 - 50,Romantico,Sera,1,Mi concentro sulla trama,Da solo,2.0,1.0
croggeman56@princeton.edu,Connie,Roggeman,2020/12/03 4:00:24 PM CET,1,50+,Documentario,Pomeriggio,9,Mi concentro sulla trama,Da solo,2.0,2.0
afeaviour57@desdev.cn,Arch,Feaviour,2020/12/03 4:31:23 PM CET,1,50+,Poliziesco,Sera,6,Mi concentro sulla trama,In Compagnia,4.0,2.0
aleggitt58@qq.com,Ada,Leggitt,2020/12/03 4:57:08 PM CET,1,19 - 25,Romantico,Sera,14,Mangio,In Compagnia,4.0,5.0
emohamed59@360.cn,Elita,Mohamed,2020/12/03 5:28:10 PM CET,2,10 - 15,Avventura,Pomeriggio,12,Mi interesso alla regia,In Compagnia,4.0,10.0
ptamplin5a@theglobeandmail.com,Papagena,Tamplin,2020/12/03 6:06:08 PM CET,0,26 - 35,Azione,Notte,9,Mi concentro sulla trama,Da solo,1.0,0.0
bfogden5b@google.cn,Brig,Fogden,2020/12/03 6:07:15 PM CET,1,36 - 50,Commedia,Sera,1,Mi concentro sulla trama,In Compagnia,7.0,5.0
hdoeg5c@prweb.com,Harriott,Doeg,2020/12/03 6:09:51 PM CET,0,16 - 18,Thriller,Sera,2,Mi interesso alla fotografia,In Compagnia,4.0,8.0
ahelin5d@webeden.co.uk,Aurel,Helin,2020/12/03 6:14:27 PM CET,1,26 - 35,Commedia,Sera,12,Mi concentro sulla trama,In Compagnia,6.0,3.0
dbisson5e@wix.com,Doe,Bisson,2020/12/03 6:18:36 PM CET,0,26 - 35,Azione,Sera,9,Mi concentro sulla trama,Da solo,2.0,2.0
mparamor5f@shinystat.com,Maggy,Paramor,2020/12/03 7:00:00 PM CET,1,36 - 50,Romantico,Pomeriggio,4,Mangio,In Compagnia,3.0,5.0
fparidge5g@google.co.uk,Frederik,Paridge,2020/12/03 8:03:59 PM CET,1,19 - 25,Fantasy,Notte,0,Mi concentro sulla trama,Da solo,1.0,10.0
cgyurko5h@feedburner.com,Creigh,Gyurko,2020/12/03 8:50:54 PM CET,0,50+,Fantascienza,Sera,8,Mi interesso alla fotografia,In Compagnia,4.0,9.0
fkaasman5i@nsw.gov.au,Farris,Kaasman,2020/12/03 9:03:00 PM CET,1,36 - 50,Musical,Sera,3,Mi concentro sulla trama,Da solo,7.0,10.0
fkordas5j@engadget.com,Florenza,Kordas,2020/12/03 9:08:07 PM CET,1,36 - 50,Thriller,Sera,2,Mi concentro sulla trama,In Compagnia,5.0,3.0
hyakuntsov5k@mtv.com,Horatia,Yakuntsov,2020/12/03 9:08:47 PM CET,1,26 - 35,Commedia,Sera,8,Mi concentro sulla trama,Da solo,2.0,4.0
bverduin5l@cmu.edu,Brinna,Verduin,2020/12/03 9:09:24 PM CET,1,26 - 35,Poliziesco,Pomeriggio,11,Mi concentro sulla trama,Da solo,2.0,5.0
asowley5m@posterous.com,Ailis,Sowley,2020/12/03 9:18:08 PM CET,1,36 - 50,Romantico,Sera,9,Mi concentro sulla trama,In Compagnia,3.0,0.0
rmoulding5n@unesco.org,Roz,Moulding,2020/12/03 9:19:24 PM CET,0,26 - 35,Documentario,Sera,14,Uso il cellulare,Da solo,1.0,1.0
cmatthew5o@indiegogo.com,Camellia,Matthew,2020/12/03 9:22:52 PM CET,1,10 - 15,Musical,Pomeriggio,0,Ascolto la colonna sonora,In Compagnia,10.0,10.0
ghousby5p@nyu.edu,Garvin,Housby,2020/12/03 9:45:00 PM CET,1,19 - 25,Romantico,Sera,3,Uso il cellulare,Da solo,1.0,0.0
cpilger5q@theglobeandmail.com,Claresta,Pilger,2020/12/03 9:55:12 PM CET,0,26 - 35,Azione,Sera,12,Mi concentro sulla trama,Da solo,2.0,0.0
dsouthway5r@guardian.co.uk,Daphne,Southway,2020/12/03 9:55:36 PM CET,0,19 - 25,Avventura,Pomeriggio,10,Mi interesso alla regia,Da solo,3.0,5.0
lbotte5s@washington.edu,Link,Botte,2020/12/03 9:59:27 PM CET,0,19 - 25,Biografico,Sera,4,Mi concentro sulla trama,Da solo,2.0,0.0
jeggerton5t@typepad.com,Jeniece,Eggerton,2020/12/03 10:01:04 PM CET,1,19 - 25,Biografico,Sera,11,Mangio,In Compagnia,4.0,3.0
rwalhedd5u@engadget.com,Rod,Walhedd,2020/12/03 10:01:29 PM CET,1,19 - 25,Romantico,Sera,1,Mi concentro sulla trama,Da solo,0.0,0.0
rhannaway5v@foxnews.com,Reade,Hannaway,2020/12/03 10:07:56 PM CET,1,50+,Drammatici,Sera,4,Mi concentro sulla trama,In Compagnia,1.0,4.0
srothera5w@guardian.co.uk,Shanta,Rothera,2020/12/03 10:21:23 PM CET,0,50+,Commedia,Sera,14,Mi concentro sulla trama,In Compagnia,3.0,1.0
vbanke5x@etsy.com,Vernor,Banke,2020/12/03 10:26:55 PM CET,0,19 - 25,Fantasy,Sera,4,Mi concentro sulla trama,Da solo,2.0,4.0
lcavolini5y@over-blog.com,Leta,Cavolini,2020/12/03 10:27:05 PM CET,0,19 - 25,Drammatici,Sera,6,Mi concentro sulla trama,Da solo,4.0,2.0
ejellett5z@smugmug.com,Ertha,Jellett,2020/12/03 10:29:02 PM CET,0,19 - 25,Animazione,Sera,11,Mi concentro sulla trama,In Compagnia,8.0,6.0
emustard60@ed.gov,Eadie,Mustard,2020/12/03 10:29:09 PM CET,0,19 - 25,Azione,Sera,12,Mi concentro sulla trama,Da solo,1.0,1.0
mbestman61@deviantart.com,Maximilianus,Bestman,2020/12/03 10:31:16 PM CET,0,26 - 35,Fantasy,Sera,10,Mi concentro sulla trama,Da solo,4.0,3.0
lbickerdicke62@unicef.org,Lavinie,Bickerdicke,2020/12/03 10:35:17 PM CET,0,19 - 25,Fantascienza,Sera,10,Mi concentro sulla trama,In Compagnia,4.0,2.0
jthebeau63@drupal.org,Jaime,Thebeau,2020/12/03 10:56:02 PM CET,1,19 - 25,Romantico,Sera,4,Uso il cellulare,In Compagnia,2.0,1.0
ndews64@washingtonpost.com,Nathalia,Dews,2020/12/04 5:06:05 AM CET,0,36 - 50,Avventura,Sera,12,Mi concentro sulla trama,In Compagnia,2.0,2.0
bfideler65@umn.edu,Brandice,Fideler,2020/12/04 11:09:50 AM CET,1,10 - 15,Thriller,Notte,0,Mi concentro sulla trama,Da solo,5.0,1.0
cmccracken66@studiopress.com,Consuela,McCracken,2020/12/04 11:50:47 AM CET,1,36 - 50,Commedia,Sera,14,Mi concentro sulla trama,In Compagnia,6.0,3.0
csimchenko67@smugmug.com,Charlena,Simchenko,2020/12/04 12:37:11 PM CET,2,19 - 25,Anime,Mattina,9,Mi interesso alla regia,In Compagnia,10.0,2.0
ajemmison68@yolasite.com,Annetta,Jemmison,2020/12/04 12:53:53 PM CET,1,26 - 35,Horror,Sera,10,Uso il cellulare,Da solo,3.0,7.0
cgellett69@google.co.uk,Colline,Gellett,2020/12/04 2:23:14 PM CET,0,50+,Commedia,Sera,9,Mi concentro sulla trama,Da solo,6.0,1.0
jculpen6a@squidoo.com,Janeen,Culpen,2020/12/04 2:37:09 PM CET,1,19 - 25,Fantasy,Sera,11,Mangio,In Compagnia,2.0,3.0
spenburton6b@4shared.com,Spense,Penburton,2020/12/04 3:27:31 PM CET,1,36 - 50,Romantico,Sera,9,Mi concentro sulla trama,In Compagnia,3.0,0.0
ikyles6c@walmart.com,Ingeberg,Kyles,2020/12/04 4:25:37 PM CET,0,19 - 25,Anime,Sera,10,Mi concentro sulla trama,In Compagnia,4.0,4.0
rpersitt6d@dailymail.co.uk,Rozamond,Persitt,2020/12/04 4:27:38 PM CET,0,19 - 25,Drammatici,Notte,8,Mi interesso alla regia,In Compagnia,7.0,0.0
jsimmill6e@sciencedaily.com,Judi,Simmill,2020/12/04 4:28:20 PM CET,0,19 - 25,Thriller,Sera,12,Mi interesso alla regia,In Compagnia,3.0,10.0
syewdell6f@abc.net.au,Samuele,Yewdell,2020/12/04 4:28:45 PM CET,0,19 - 25,Azione,Pomeriggio,12,Mi concentro sulla trama,In Compagnia,2.0,10.0
kdamper6g@nhs.uk,Kevina,Damper,2020/12/04 4:28:59 PM CET,0,19 - 25,Avventura,Sera,13,Mi concentro sulla trama,Da solo,3.0,10.0
wreyburn6h@blinklist.com,Waldo,Reyburn,2020/12/04 4:30:30 PM CET,0,19 - 25,Azione,Sera,10,Mi concentro sulla trama,In Compagnia,5.0,2.0
jmancktelow6i@archive.org,Joseito,Mancktelow,2020/12/04 4:33:30 PM CET,0,19 - 25,Azione,Notte,10,Mi concentro sulla trama,In Compagnia,1.0,5.0
dgiblin6j@free.fr,Dorthea,Giblin,2020/12/04 4:34:01 PM CET,1,19 - 25,Fantascienza,Sera,4,Mi concentro sulla trama,In Compagnia,2.0,6.0
ebarwis6k@deviantart.com,Elizabet,Barwis,2020/12/04 4:38:30 PM CET,0,19 - 25,Anime,Notte,10,Mi concentro sulla trama,Da solo,0.0,5.0
oarthan6l@usda.gov,Odelle,Arthan,2020/12/04 4:39:02 PM CET,0,19 - 25,Anime,Notte,10,Mi concentro sulla trama,Da solo,3.0,10.0
mpautot6m@miitbeian.gov.cn,Malinde,Pautot,2020/12/04 4:41:22 PM CET,0,19 - 25,Anime,Sera,10,Mi concentro sulla trama,Da solo,2.0,10.0
pdinnage6n@telegraph.co.uk,Patrick,Dinnage,2020/12/04 4:43:05 PM CET,0,19 - 25,Documentario,Notte,12,Mi concentro sulla trama,Da solo,3.0,6.0
rlezemere6o@i2i.jp,Rodrick,Lezemere,2020/12/04 4:44:38 PM CET,0,19 - 25,Anime,Sera,12,Mangio,Da solo,3.0,7.0
ebenedetti6p@example.com,Eyde,Benedetti,2020/12/04 4:45:40 PM CET,1,19 - 25,Commedia,Sera,11,Mi concentro sulla trama,Da solo,1.0,0.0
sbrogiotti6q@ca.gov,Slade,Brogiotti,2020/12/04 5:02:18 PM CET,1,19 - 25,Horror,Notte,12,Mangio,In Compagnia,5.0,3.0
apolglase6r@washington.edu,Aundrea,Polglase,2020/12/04 5:02:51 PM CET,1,16 - 18,Commedia,Sera,11,Mi concentro sulla trama,Da solo,2.0,2.0
wperutto6s@oaic.gov.au,Wren,Perutto,2020/12/04 5:05:29 PM CET,0,19 - 25,Anime,Sera,10,Mi concentro sulla trama,Da solo,1.0,2.0
ddeshorts6t@latimes.com,Dorolisa,Deshorts,2020/12/04 5:06:04 PM CET,0,19 - 25,Erotico,Sera,2,Mi interesso alla fotografia,Da solo,2.0,6.0
kwilkowski6u@census.gov,Kittie,Wilkowski,2020/12/04 5:06:38 PM CET,1,19 - 25,Romantico,Notte,14,Mi concentro sulla trama,In Compagnia,1.0,10.0
tfleckno6v@independent.co.uk,Tiff,Fleckno,2020/12/04 5:06:55 PM CET,0,16 - 18,Azione,Sera,12,Mi concentro sulla trama,Da solo,1.0,0.0
lodney6w@sciencedaily.com,Leyla,Odney,2020/12/04 5:06:58 PM CET,0,16 - 18,Avventura,Pomeriggio,12,Mi concentro sulla trama,In Compagnia,0.0,2.0
maarons6x@home.pl,Melita,Aarons,2020/12/04 5:07:08 PM CET,1,19 - 25,Commedia,Sera,8,Mi concentro sulla trama,In Compagnia,2.0,5.0
btyne6y@aol.com,Blakelee,Tyne,2020/12/04 5:07:29 PM CET,1,19 - 25,Avventura,Pomeriggio,14,Mi concentro sulla trama,Da solo,1.0,10.0
nhurdiss6z@paginegialle.it,Nixie,Hurdiss,2020/12/04 5:07:32 PM CET,1,19 - 25,Commedia,Sera,2,Uso il cellulare,In Compagnia,1.0,2.0
emarshalleck70@arstechnica.com,Eadith,Marshalleck,2020/12/04 5:08:08 PM CET,1,19 - 25,Romantico,Sera,11,Mangio,Da solo,5.0,6.0
abrave71@unesco.org,Andriette,Brave,2020/12/04 5:08:41 PM CET,1,19 - 25,Avventura,Sera,0,Mi concentro sulla trama,In Compagnia,7.0,6.0
pforrest72@mac.com,Patrice,Forrest,2020/12/04 5:08:58 PM CET,1,19 - 25,Giallo,Sera,12,Mi concentro sulla trama,Da solo,3.0,7.0
cmarriage73@oakley.com,Cobbie,Marriage,2020/12/04 5:09:03 PM CET,1,16 - 18,Horror,Sera,0,Mi concentro sulla trama,In Compagnia,3.0,4.0
bpindell74@weibo.com,Beverlie,Pindell,2020/12/04 5:09:47 PM CET,1,19 - 25,Commedia,Sera,0,Mi concentro sulla trama,In Compagnia,4.0,3.0
sdog75@linkedin.com,Slade,Dog,2020/12/04 5:09:56 PM CET,0,19 - 25,Thriller,Notte,10,Mi concentro sulla trama,Da solo,10.0,6.0
skinver76@dropbox.com,Suzi,Kinver,2020/12/04 5:10:16 PM CET,1,19 - 25,Fantascienza,Sera,4,Mi concentro sulla trama,Da solo,2.0,4.0
cfrape77@si.edu,Celka,Frape,2020/12/04 5:11:06 PM CET,1,19 - 25,Drammatici,Sera,14,Mi concentro sulla trama,In Compagnia,1.0,3.0
achislett78@nsw.gov.au,Aaron,Chislett,2020/12/04 5:12:01 PM CET,1,19 - 25,Commedia,Sera,0,Mi concentro sulla trama,In Compagnia,4.0,3.0
rassante79@redcross.org,Ray,Assante,2020/12/04 5:13:04 PM CET,0,19 - 25,Commedia,Notte,14,Mi concentro sulla trama,Da solo,4.0,3.0
pcoombes7a@hibu.com,Pacorro,Coombes,2020/12/04 5:14:44 PM CET,2,19 - 25,Romantico,Sera,14,Mi concentro sulla trama,In Compagnia,3.0,8.0
rgodilington7b@usgs.gov,Ruthanne,Godilington,2020/12/04 5:15:00 PM CET,0,19 - 25,Thriller,Sera,12,Mi concentro sulla trama,Da solo,1.0,5.0
rkynman7c@reddit.com,Rania,Kynman,2020/12/04 5:17:12 PM CET,1,19 - 25,Azione,Sera,4,Mi interesso alla regia,Da solo,1.0,6.0
cwrates7d@canalblog.com,Crystal,Wrates,2020/12/04 5:17:35 PM CET,1,19 - 25,Giallo,Sera,0,Mi concentro sulla trama,Da solo,1.0,1.0
taloshkin7e@wikipedia.org,Traci,Aloshkin,2020/12/04 5:19:27 PM CET,0,16 - 18,Anime,Notte,10,Mi concentro sulla trama,Da solo,0.0,10.0
lvautre7f@jalbum.net,Lenka,Vautre,2020/12/04 5:19:56 PM CET,1,19 - 25,Horror,Sera,4,Mi concentro sulla trama,Da solo,5.0,5.0
jonraet7g@dmoz.org,Jessamine,Onraet,2020/12/04 5:22:28 PM CET,1,19 - 25,Azione,Notte,14,Mi concentro sulla trama,Da solo,2.0,7.0
rcollibear7h@hibu.com,Raynard,Collibear,2020/12/04 5:22:52 PM CET,2,19 - 25,Horror,Sera,11,Mi concentro sulla trama,Da solo,3.0,10.0
agarnham7i@facebook.com,Anica,Garnham,2020/12/04 5:25:21 PM CET,1,19 - 25,Azione,Sera,14,Mi concentro sulla trama,Da solo,8.0,10.0
mrubrow7j@nasa.gov,Marin,Rubrow,2020/12/04 5:25:40 PM CET,1,19 - 25,Commedia,Sera,4,Uso il cellulare,In Compagnia,3.0,6.0
hwyrill7k@hibu.com,Harper,Wyrill,2020/12/04 5:25:46 PM CET,1,19 - 25,Azione,Sera,4,Uso il cellulare,In Compagnia,1.0,7.0
msabatini7l@list-manage.com,Maia,Sabatini,2020/12/04 5:25:57 PM CET,0,16 - 18,Avventura,Pomeriggio,12,Mi concentro sulla trama,In Compagnia,0.0,2.0
mfolke7m@princeton.edu,Madelle,Folke,2020/12/04 5:39:24 PM CET,0,19 - 25,Azione,Pomeriggio,12,Mi concentro sulla trama,In Compagnia,2.0,10.0
ctomaschke7n@slideshare.net,Cos,Tomaschke,2020/12/04 5:41:32 PM CET,0,19 - 25,Fantascienza,Notte,10,Mangio,Da solo,3.0,7.0
gstendall7o@bloglines.com,Galina,Stendall,2020/12/04 5:45:29 PM CET,0,16 - 18,Azione,Sera,14,Mi concentro sulla trama,In Compagnia,8.0,5.0
fsouthernwood7p@google.ca,Forrest,Southernwood,2020/12/04 5:46:04 PM CET,1,16 - 18,Giallo,Pomeriggio,14,Mi concentro sulla trama,Da solo,2.0,10.0
cfielden7q@addthis.com,Colleen,Fielden,2020/12/04 5:47:02 PM CET,1,19 - 25,Poliziesco,Notte,12,Mi concentro sulla trama,Da solo,5.0,8.0
cmartygin7r@google.cn,Corny,Martygin,2020/12/04 5:50:29 PM CET,1,16 - 18,Romantico,Sera,14,Mi concentro sulla trama,Da solo,4.0,10.0
dbattin7s@miitbeian.gov.cn,Deny,Battin,2020/12/04 5:51:18 PM CET,0,19 - 25,Azione,Sera,12,Mi concentro sulla trama,In Compagnia,7.0,2.0
cimlach7t@tripod.com,Celinda,Imlach,2020/12/04 5:53:34 PM CET,1,19 - 25,Romantico,Sera,8,Mi concentro sulla trama,In Compagnia,3.0,1.0
ystrowger7u@g.co,Yetty,Strowger,2020/12/04 5:57:28 PM CET,1,16 - 18,Poliziesco,Notte,8,Mi concentro sulla trama,Da solo,2.0,2.0
maughton7v@house.gov,Minta,Aughton,2020/12/04 5:59:09 PM CET,1,19 - 25,Drammatici,Notte,11,Mi concentro sulla trama,Da solo,2.0,1.0
kpettendrich7w@multiply.com,Kiley,Pettendrich,2020/12/04 6:10:48 PM CET,1,19 - 25,Drammatici,Sera,6,Mi concentro sulla trama,Da solo,4.0,4.0
glaingmaid7x@tiny.cc,Gaby,Laingmaid,2020/12/04 6:14:30 PM CET,0,19 - 25,Fantascienza,Notte,10,Mi concentro sulla trama,In Compagnia,4.0,10.0
mleport7y@usatoday.com,Mic,Leport,2020/12/04 6:15:29 PM CET,1,19 - 25,Poliziesco,Notte,12,Mi concentro sulla trama,Da solo,5.0,8.0
rswayne7z@alexa.com,Rogers,Swayne,2020/12/04 6:15:38 PM CET,1,19 - 25,Avventura,Sera,14,Mi concentro sulla trama,Da solo,1.0,4.0
chairon80@edublogs.org,Constantina,Hairon,2020/12/04 6:16:20 PM CET,0,19 - 25,Azione,Sera,3,Mi concentro sulla trama,In Compagnia,2.0,9.0
jgreenhalf81@chronoengine.com,Juieta,Greenhalf,2020/12/04 6:18:50 PM CET,1,16 - 18,Fantascienza,Sera,6,Mi concentro sulla trama,Da solo,2.0,8.0
odigman82@netscape.com,Osbert,Digman,2020/12/04 6:32:15 PM CET,2,19 - 25,Romantico,Sera,14,Mi concentro sulla trama,In Compagnia,3.0,8.0
bmaymand83@desdev.cn,Bonnie,Maymand,2020/12/04 6:43:05 PM CET,1,19 - 25,Commedia,Sera,11,Mi concentro sulla trama,Da solo,6.0,5.0
dbarabisch84@huffingtonpost.com,Denney,Barabisch,2020/12/04 7:13:39 PM CET,0,19 - 25,Anime,Notte,10,Mi concentro sulla trama,Da solo,1.0,10.0
csharplin85@ustream.tv,Correna,Sharplin,2020/12/04 8:13:16 PM CET,1,19 - 25,Giallo,Sera,0,Mi concentro sulla trama,Da solo,1.0,1.0
cpigford86@japanpost.jp,Cate,Pigford,2020/12/04 8:24:36 PM CET,1,36 - 50,Musical,Sera,3,Mi concentro sulla trama,Da solo,7.0,10.0
ekorbmaker87@hexun.com,Elinore,Korbmaker,2020/12/04 8:31:13 PM CET,1,19 - 25,Giallo,Sera,0,Mi concentro sulla trama,Da solo,1.0,1.0
mcurrm88@g.co,Marlene,Currm,2020/12/04 8:51:27 PM CET,1,19 - 25,Commedia,Sera,2,Mi concentro sulla trama,In Compagnia,2.0,5.0
isime89@theguardian.com,Iorgo,Sime,2020/12/04 9:28:14 PM CET,1,19 - 25,Commedia,Sera,0,Mi concentro sulla trama,Da solo,4.0,2.0
oheinzel8a@forbes.com,Odette,Heinzel,2020/12/04 9:45:09 PM CET,1,19 - 25,Romantico,Sera,4,Mi concentro sulla trama,In Compagnia,0.0,5.0
ooxborrow8b@sourceforge.net,Omar,Oxborrow,2020/12/04 10:13:34 PM CET,1,19 - 25,Avventura,Sera,14,Mi concentro sulla trama,Da solo,1.0,4.0
lgrand8c@mayoclinic.com,Lotta,Grand,2020/12/04 10:58:34 PM CET,1,19 - 25,Fantasy,Sera,0,Mi concentro sulla trama,In Compagnia,7.0,10.0
hmckinstry8d@epa.gov,Hurleigh,McKinstry,2020/12/04 11:12:39 PM CET,1,16 - 18,Fantascienza,Sera,6,Mi concentro sulla trama,Da solo,2.0,8.0
vvoisey8e@addtoany.com,Virgie,Voisey,2020/12/05 8:56:45 AM CET,1,19 - 25,Romantico,Sera,4,Mi concentro sulla trama,In Compagnia,3.0,10.0
wtreece8f@behance.net,Willi,Treece,2020/12/05 10:02:42 AM CET,0,50+,Azione,Sera,1,Mangio,In Compagnia,4.0,0.0
holuney8g@examiner.com,Hersch,O'Luney,2020/12/05 10:06:01 AM CET,1,19 - 25,Commedia,Notte,13,Mi concentro sulla trama,Da solo,2.0,3.0
gpetrushka8h@etsy.com,Glyn,Petrushka,2020/12/05 11:21:41 AM CET,1,16 - 18,Fantascienza,Sera,6,Mi concentro sulla trama,Da solo,2.0,8.0
ezambon8i@opensource.org,Erie,Zambon,2020/12/05 11:27:52 AM CET,1,50+,Musical,Notte,6,Mi interesso alla fotografia,In Compagnia,7.0,7.0
apoor8j@blinklist.com,Andria,Poor,2020/12/05 12:29:47 PM CET,1,19 - 25,Romantico,Sera,11,Mangio,Da solo,5.0,6.0
dtoffanelli8k@squarespace.com,Donnell,Toffanelli,2020/12/05 1:00:31 PM CET,1,19 - 25,Giallo,Pomeriggio,4,Uso il cellulare,In Compagnia,2.0,3.0
jmacgoun8l@1688.com,Johna,MacGoun,2020/12/05 2:29:13 PM CET,1,19 - 25,Giallo,Sera,12,Mi concentro sulla trama,Da solo,3.0,7.0
mexell8m@nifty.com,Matilde,Exell,2020/12/05 10:50:16 PM CET,0,19 - 25,Avventura,Sera,10,Mi concentro sulla trama,Da solo,4.0,8.0
gduquesnay8n@photobucket.com,Garreth,Duquesnay,2020/12/06 3:49:54 PM CET,0,26 - 35,Azione,Sera,9,Mi concentro sulla trama,Da solo,2.0,2.0
etrobe8o@umn.edu,Ernesto,Trobe,2020/12/06 4:09:46 PM CET,0,16 - 18,Fantascienza,Sera,10,Mi interesso alla regia,Da solo,1.0,3.0
ctrymme8p@freewebs.com,Cory,Trymme,2020/12/07 12:57:27 AM CET,0,50+,Commedia,Sera,14,Mi concentro sulla trama,In Compagnia,3.0,1.0
mdavidson8q@businessinsider.com,Moyna,Davidson,2020/12/07 2:27:36 PM CET,0,50+,Commedia,Sera,14,Mi concentro sulla trama,In Compagnia,3.0,1.0
aclowton8r@vistaprint.com,Adora,Clowton,2020/12/08 3:47:25 PM CET,0,50+,Commedia,Sera,14,Mi concentro sulla trama,In Compagnia,3.0,1.0
manney8s@symantec.com,Mame,Anney,2020/12/09 11:58:45 AM CET,1,16 - 18,Avventura,Sera,10,Mi concentro sulla trama,In Compagnia,2.0,5.0
mthorald8t@wix.com,Moises,Thorald,2020/12/09 11:16:36 PM CET,1,19 - 25,Fantasy,Notte,0,Mi concentro sulla trama,Da solo,1.0,10.0
mtroman8u@comcast.net,Mattheus,Troman,2020/12/10 11:04:46 AM CET,0,26 - 35,Thriller,Sera,9,Mi concentro sulla trama,In Compagnia,2.0,2.0
scollymore8v@springer.com,Susanne,Collymore,2020/12/11 11:02:17 AM CET,1,19 - 25,Commedia,Sera,2,Uso il cellulare,In Compagnia,1.0,2.0
cogle8w@fema.gov,Christyna,Ogle,2020/12/14 9:25:40 AM CET,0,19 - 25,Azione,Sera,12,Mangio,In Compagnia,3.0,0.0
vpipworth8x@gov.uk,Vassily,Pipworth,2020/12/14 9:30:52 AM CET,0,19 - 25,Avventura,Sera,12,Mi concentro sulla trama,In Compagnia,2.0,4.0
jwillsmore8y@flavors.me,Jillian,Willsmore,2020/12/14 9:32:43 AM CET,0,19 - 25,Fantasy,Sera,11,Mi concentro sulla trama,Da solo,7.0,6.0
jguiraud8z@yellowpages.com,Jodee,Guiraud,2020/12/14 9:35:35 AM CET,1,19 - 25,Drammatici,Sera,13,Mi concentro sulla trama,Da solo,3.0,7.0
ebosward90@i2i.jp,Ethelda,Bosward,2020/12/14 9:36:19 AM CET,1,19 - 25,Giallo,Pomeriggio,8,Mi concentro sulla trama,In Compagnia,5.0,5.0
abearfoot91@lulu.com,Ardella,Bearfoot,2020/12/14 9:37:40 AM CET,0,19 - 25,Azione,Pomeriggio,4,Mi concentro sulla trama,Da solo,2.0,5.0
gandras92@slashdot.org,Germana,Andras,2020/12/14 9:39:13 AM CET,0,19 - 25,Drammatici,Sera,11,Ascolto la colonna sonora,Da solo,3.0,6.0
zglisane93@house.gov,Zahara,Glisane,2020/12/14 9:44:28 AM CET,1,19 - 25,Fantasy,Sera,11,Mi concentro sulla trama,Da solo,3.0,6.0
dconcklin94@intel.com,Dreddy,Concklin,2020/12/14 9:47:13 AM CET,1,19 - 25,Giallo,Sera,11,Mi concentro sulla trama,In Compagnia,3.0,5.0
bhayers95@topsy.com,Birgit,Hayers,2020/12/14 9:52:15 AM CET,1,19 - 25,Romantico,Sera,4,Mi concentro sulla trama,Da solo,2.0,2.0
gseabrook96@cbsnews.com,Giavani,Seabrook,2020/12/14 9:54:00 AM CET,1,19 - 25,Documentario,Notte,14,Mangio,In Compagnia,2.0,3.0
sarmand97@reference.com,Smitty,Armand,2020/12/14 9:58:39 AM CET,1,16 - 18,Thriller,Sera,5,Mi interesso alla fotografia,In Compagnia,3.0,6.0
rpalmar98@printfriendly.com,Robert,Palmar,2020/12/14 10:01:01 AM CET,1,19 - 25,Fantasy,Notte,6,Uso il cellulare,Da solo,6.0,7.0
mfomichkin99@blogspot.com,Molly,Fomichkin,2020/12/14 10:01:10 AM CET,1,19 - 25,Thriller,Sera,0,Mi concentro sulla trama,In Compagnia,5.0,2.0
nsmalles9a@wp.com,Ninon,Smalles,2020/12/14 10:02:35 AM CET,0,19 - 25,Azione,Notte,8,Uso il cellulare,Da solo,0.0,3.0
rfareweather9b@gizmodo.com,Renata,Fareweather,2020/12/14 10:02:58 AM CET,0,19 - 25,Commedia,Sera,6,Mi interesso alla fotografia,In Compagnia,3.0,0.0
lswainson9c@thetimes.co.uk,Leeanne,Swainson,2020/12/14 10:07:44 AM CET,0,19 - 25,Anime,Sera,10,Mi concentro sulla trama,Da solo,5.0,9.0
cgillatt9d@pen.io,Charmaine,Gillatt,2020/12/14 10:09:09 AM CET,1,19 - 25,Romantico,Pomeriggio,11,Uso il cellulare,In Compagnia,4.0,6.0
tmewhirter9e@ed.gov,Timmie,Mewhirter,2020/12/14 10:11:40 AM CET,1,19 - 25,Romantico,Sera,2,Mi concentro sulla trama,Da solo,3.0,1.0
bcapon9f@photobucket.com,Brad,Capon,2020/12/14 10:15:25 AM CET,1,19 - 25,Giallo,Sera,0,Mi concentro sulla trama,In Compagnia,3.0,2.0
sbrabbins9g@unesco.org,Stanley,Brabbins,2020/12/14 10:19:39 AM CET,1,19 - 25,Thriller,Notte,11,Mi concentro sulla trama,Da solo,4.0,5.0
ainstrell9h@weebly.com,Annecorinne,Instrell,2020/12/14 10:20:02 AM CET,1,19 - 25,Giallo,Pomeriggio,14,Mangio,Da solo,0.0,8.0
cmcclure9i@icq.com,Casper,McClure,2020/12/14 10:24:22 AM CET,1,19 - 25,Avventura,Sera,6,Mi concentro sulla trama,Da solo,2.0,8.0
erushton9j@adobe.com,Elton,Rushton,2020/12/14 10:25:04 AM CET,1,19 - 25,Fantasy,Sera,4,Mi concentro sulla trama,Da solo,4.0,7.0
mtravers9k@sphinn.com,Markus,Travers,2020/12/14 10:30:38 AM CET,1,19 - 25,Thriller,Notte,11,Mi concentro sulla trama,Da solo,4.0,5.0
cgarrioch9l@yandex.ru,Carol-jean,Garrioch,2020/12/14 10:32:47 AM CET,0,19 - 25,Drammatici,Notte,14,Mi concentro sulla trama,Da solo,2.0,0.0
mgierke9m@newyorker.com,Mehetabel,Gierke,2020/12/14 10:37:36 AM CET,1,19 - 25,Drammatici,Sera,11,Mi concentro sulla trama,Da solo,1.0,6.0
fandrusyak9n@answers.com,Forbes,Andrusyak,2020/12/14 10:38:26 AM CET,1,26 - 35,Romantico,Sera,11,Mi concentro sulla trama,In Compagnia,3.0,2.0
tbowdler9o@about.me,Tripp,Bowdler,2020/12/14 10:41:07 AM CET,0,19 - 25,Animazione,Sera,14,Ascolto la colonna sonora,In Compagnia,6.0,5.0
osinnat9p@eepurl.com,Oneida,Sinnat,2020/12/14 10:51:31 AM CET,0,19 - 25,Thriller,Sera,10,Mi concentro sulla trama,In Compagnia,4.0,10.0
ghallam9q@newyorker.com,Grace,Hallam,2020/12/14 11:01:55 AM CET,1,19 - 25,Commedia,Sera,0,Mangio,In Compagnia,1.0,1.0
kodeson9r@bluehost.com,Kristine,Odeson,2020/12/14 11:20:09 AM CET,0,19 - 25,Drammatici,Notte,0,Mi concentro sulla trama,Da solo,5.0,10.0
clloydwilliams9s@huffingtonpost.com,Charissa,Lloyd-Williams,2020/12/14 11:28:06 AM CET,1,19 - 25,Drammatici,Sera,11,Mi concentro sulla trama,Da solo,4.0,0.0
bdimbylow9t@blogspot.com,Babb,Dimbylow,2020/12/14 11:34:35 AM CET,0,19 - 25,Commedia,Sera,3,Mi concentro sulla trama,Da solo,1.0,4.0
bglide9u@imgur.com,Breanne,Glide,2020/12/14 11:54:49 AM CET,1,19 - 25,Thriller,Sera,4,Mangio,In Compagnia,1.0,8.0
nshaw9v@mapquest.com,Nikolai,Shaw,2020/12/14 12:06:56 PM CET,1,26 - 35,Fantasy,Pomeriggio,10,Mi concentro sulla trama,Da solo,7.0,4.0
alicciardo9w@nature.com,Amelia,Licciardo,2020/12/14 1:33:23 PM CET,0,19 - 25,Anime,Sera,10,Mi concentro sulla trama,Da solo,1.0,5.0
bvanderspohr9x@dagondesign.com,Bil,Van der Spohr,2020/12/14 1:40:48 PM CET,1,19 - 25,Drammatici,Notte,11,Mi concentro sulla trama,Da solo,4.0,3.0
lpregal9y@myspace.com,Lawrence,Pregal,2020/12/14 1:43:58 PM CET,1,19 - 25,Guerra,Notte,11,Uso il cellulare,In Compagnia,2.0,1.0
jfreeburn9z@eepurl.com,Jacintha,Freeburn,2020/12/14 2:10:54 PM CET,1,19 - 25,Avventura,Sera,11,Uso il cellulare,In Compagnia,2.0,7.0
hmutimera0@hexun.com,Husein,Mutimer,2020/12/14 2:17:36 PM CET,0,19 - 25,Anime,Notte,3,Ascolto la colonna sonora,Da solo,0.0,0.0
mlovarta1@hibu.com,Michel,Lovart,2020/12/14 2:21:20 PM CET,0,19 - 25,Fantascienza,Notte,12,Mi concentro sulla trama,In Compagnia,2.0,2.0
cbartolica2@parallels.com,Cammy,Bartolic,2020/12/14 4:00:44 PM CET,1,16 - 18,Azione,Sera,14,Mi concentro sulla trama,Da solo,3.0,5.0
dedmonsa3@google.co.uk,Douglass,Edmons,2020/12/14 4:03:38 PM CET,1,19 - 25,Horror,Sera,2,Mi concentro sulla trama,In Compagnia,5.0,3.0
krohlfsa4@theglobeandmail.com,Kennedy,Rohlfs,2020/12/14 4:04:07 PM CET,0,19 - 25,Fantascienza,Sera,12,Mi concentro sulla trama,Da solo,0.0,2.0
karnfielda5@squarespace.com,King,Arnfield,2020/12/14 4:07:38 PM CET,1,19 - 25,Thriller,Sera,12,Mi concentro sulla trama,In Compagnia,4.0,7.0
ldudeniea6@histats.com,Lib,Dudenie,2020/12/14 4:23:17 PM CET,1,19 - 25,Animazione,Sera,8,Uso il cellulare,Da solo,3.0,4.0
ntewkesberrya7@tmall.com,Norrie,Tewkesberry,2020/12/14 5:42:08 PM CET,0,26 - 35,Fantasy,Sera,8,Mi concentro sulla trama,Da solo,2.0,7.0
cmccrackena8@nifty.com,Carey,McCracken,2020/12/14 5:43:12 PM CET,0,19 - 25,Horror,Notte,12,Mi concentro sulla trama,In Compagnia,2.0,5.0
mgeeraerta9@zdnet.com,Marita,Geeraert,2020/12/14 5:45:39 PM CET,1,19 - 25,Commedia,Sera,4,Mi concentro sulla trama,In Compagnia,0.0,0.0
plittlekitaa@privacy.gov.au,Priscilla,Littlekit,2020/12/14 5:49:18 PM CET,1,19 - 25,Giallo,Sera,14,Uso il cellulare,Da solo,0.0,0.0
mcarwithimab@rambler.ru,Martita,Carwithim,2020/12/14 5:53:00 PM CET,0,19 - 25,Azione,Sera,12,Mi concentro sulla trama,In Compagnia,2.0,3.0
ssawreyac@who.int,Stormi,Sawrey,2020/12/14 5:57:04 PM CET,0,19 - 25,Thriller,Sera,13,Mi concentro sulla trama,Da solo,1.0,6.0
srenderad@rediff.com,Salim,Render,2020/12/14 6:50:22 PM CET,0,19 - 25,Commedia,Notte,10,Mi concentro sulla trama,Da solo,1.0,10.0
zjuaraae@narod.ru,Zitella,Juara,2020/12/14 7:01:32 PM CET,1,36 - 50,Poliziesco,Sera,10,Mi concentro sulla trama,Da solo,1.0,4.0
vdungayaf@shareasale.com,Valentine,Dungay,2020/12/14 8:57:18 PM CET,1,19 - 25,Romantico,Sera,14,Mi concentro sulla trama,In Compagnia,3.0,3.0
mhatreyag@usgs.gov,Mada,Hatrey,2020/12/14 10:10:36 PM CET,1,19 - 25,Drammatici,Sera,12,Mi concentro sulla trama,In Compagnia,3.0,6.0
rdadswellah@moonfruit.com,Rebbecca,Dadswell,2020/12/15 12:11:28 AM CET,1,19 - 25,Drammatici,Sera,11,Mi concentro sulla trama,Da solo,2.0,4.0
dwheeldonai@japanpost.jp,Dyanna,Wheeldon,2020/12/15 12:22:39 AM CET,0,19 - 25,Commedia,Notte,12,Mangio,Da solo,1.0,4.0
awinkleaj@prlog.org,Any,Winkle,2020/12/15 12:43:01 AM CET,0,19 - 25,Azione,Sera,14,Mangio,In Compagnia,2.0,6.0
rbeagenak@upenn.edu,Rosemarie,Beagen,2020/12/15 12:46:15 AM CET,0,19 - 25,Anime,Pomeriggio,12,Mi concentro sulla trama,In Compagnia,7.0,3.0
andrea@cinehub.it,,,,0,19 - 25,Sportivo,,2,,,,
